Tidak Baku,Baku
aaaasudahlah,ya sudahlah
aaja,aja
abalabal,abal abal
abalberulangkali,aba berulang kali
abalsangat,abal sangat
abdet,update
abdete,update
abis,habis
abisaneh,abis aneh
acan,scan
acarasama,acara sama
ach,ah
ad,ada
adaini,ada ini
adapadahal,ada padahal
adapula,ada pula
adasambung,ada sambung
adh,ada
adminnnn,admin
adminya,adminnya
aee,ae
afk,aplikasi
aflikasi,aplikasi
afnya,aplikasinya
aga,agak
agak,cukup
agk,agak
ahar,agar
ahh,ah
ahhh,ah
ahhhh,ah
ahirnya,akhirnya
ahp,a hp
aikasinya,aplikasinya
aing,saya
aj,aja
ajaa,aja
ajaa,aja
ajaaaa,aja
ajabantu,aja bantu
ajadaftarnya,aja daftarnya
ajah,aja
ajaharus,aja harus
ajakalah,aja kalah
ajaklo,aja kalau
ajalahgpy,ajalah tida papa
ajamalah,aja malah
ajamana,aja mana
ajamau,aja mau
ajangisi,aja ngisi
ajapendaftaran,aja pendaftaran
ajasangat,aja sangat
ajatolong,aja tolong
aje,aja
ajee,aja
ajg,anjing
ajh,aja
ajig,anjing
ajja,aja
ajkok,aja kok
ajq,anjing
akaldaftar,akal daftar
akhhh,ah
akhire,akhirnya
akorban,a korban
aktfkan,aktifkan
aktifasi,aktivasi
aktifitas,aktivitas
aku,saya
aku,saya
akunreset,akun reset
al hamdulillah,alhamdulillah
alamiaplikasi,alami aplikasi
alangk,alangkah
alesan,alasan
alesannya,alasannya
alesanya,alasannya
alfikasi,aplikasi
algoritmyanya,algoritmanya
alhamdulilah,alhamdulillah
alhamdulillahsudah,alhamdulillah sudah
alikasi,aplikasi
alloh,allah
alternatifnyacuman,alternatifnya cuman
ama,sama
ambilsiapa,ambil siapa
amin,aamiin
ampasss,ampas
ampe,sampai
amplikasine,aplikasinya
ampunda,ampun dah
ampunjangan,ampun jangan
ampunkarena,ampun karena
ampunmasuk,ampun masuk
ampunmau,ampun mau
ampunnn,ampun
ampunnnnn,ampun
ampunsering,ampun sering
ampunsudah,ampun sudah
ampuntolong,ampun tolong
andata,an data
androidada,android ada
androidpusing,android pusing
ane,saya
anee,saya
aneeeh,aneh
aneeh,aneh
anehaneh,aneh aneh
anehburuk,aneh buruk
anehh,aneh
anehhh,aneh
angeeel,angel
angellllll,angel
anggarab,anggaran
angus,hangus
anj,anjing
anjayyy,anjing
anjeng,anjing
anjg,anjing
anjinggg,anjing
anjingggg,anjing
anjinh,anjing
anjir,anjing
anjj,anjing
anjjngg,anjing
anjrit,anjing
anmakanya,an makanya
anroid,android
antre,antri
anutlran,amatiran
anyingjugaaaa,anjing juga
anyink,anjing
anyyyingg,anjing
aok,aplikasi
ap,apa
apaa,apa
apaaaaaaaaaa,apa
apaaaan,apaan
apaapa,apa apa
apaapakah,apa apakah
apadan,apa dan
apah,apa
apaini,apa ini
apak,apakah
apaklu,apa kalau
apalgi,apalagi
apalikasi,aplikasi
apan,apaan
apannn,apaan
apanymobil,apanya mobil
apasi,apasih
apdet,update
apikasi,aplikasi
apilikasi,aplikasi
apk,aplikasi
apkikasinya,aplikasinya
apklikasi,aplikasi
apkmy,aplikasinya
apknontunai,aplikasi nontunai
apkny,aplikasinya
apknya,aplikasinya
apl,aplikasi
aplg,apa lagi
apliaksi,aplikasi
apliaksinya,aplikasinya
apliasi,aplikasi
aplicasi,aplikasi
apliikasi,aplikasi
aplikaai,aplikasi
aplikaainya,aplikasinya
aplikai,aplikasi
aplikainya,aplikasinya
aplikas,aplikasi
aplikasai,aplikasi
aplikasi,aplikasi
aplikasia,aplikasi
aplikasiatau,aplikasi atau
aplikasidan,aplikasi dan
aplikasidiinfoken,aplikasi diinfokan
aplikasidiperbaharui,aplikasi diperbaharui
aplikasih,aplikasi
aplikasihapa,aplikasi apa
aplikasijadi,aplikasi jadi
aplikasikl,aplikasi kalau
aplikasimau,aplikasi mau
aplikasimenyusahkan,aplikasi menyusahkan
aplikasina,aplikasinya
aplikasinegara,aplikasi negara
aplikasiny,aplikasinya
aplikasinyagj,aplikasinya tidak jelas
aplikasinyanotifnya,aplikasinya notifnya
aplikasinyasetiap,aplikasinya
aplikasinyasungguh,aplikasinya sungguh
aplikasinye,aplikasinya
aplikasipadahal,aplikasi padahal
aplikasipetugas,aplikasi petugas
aplikasitrus,aplikasi terus
aplikasiy,aplikasinya
aplikator,aplikasi
apliksi,aplikasi
apliksih,aplikasi
aplilasi,aplikasi
aplk,aplikasi
aplkasi,aplikasi
aplkasinaya,aplikasinya
aplks,aplikasi
aplnya,aplikasinya
aplot,upload
aploud,upload
aplx,aplikasinya
app,aplikasi
appapk,aplikasi
appk,aplikasi
appl,aplikasi
appli,aplikasi
applikasi,aplikasi
appnya,aplikasinya
approved,approve
apps,aplikasi
appsnya,aplikasinya
aprove,approve
apus,hapus
aq,saya
ar,aja
arg,ah
argggghhhhhh,ah
arwahminggu,arwah minggu
asem,asam
aslingisinya,asli ngisinya
asliribet,asli ribet
asssssss,anjing
astagfirullah,astaghfirullah
asuu,anjing
asuuu,anjing
asw,anjing
aswww,anjing
atjeh,aja
ato,atau
atuhhh,atuh
atura,aturan
aturn,aturan
atw,atau
audah,sudah
avanz,avanza
awak,saya
awaldahhh,awal dah
awalharus,awal harus
ayeuna,saya sudah
ayooo,ayo
az,aja
aza,aja
baban,beban
babe,ayah
babeh,ayah
babiiii,babi
bacottt,bacot
baecode,barcode
baekan,bae kan
bagaana,bagaimana
bagaiman,bagaimana
baget,banget
bagoan,bagian
baguslancar,bagus lancar
bagusmembantu,bagus membantu
baguspertahankan,bagus pertahankan
baguss,bagus
bagustapi,bagus tapi
baikbaik,baik baik
baikbikin,baik buat
baikkk,baik
baikmeterannya,baik meterannya
baikperbaiki,baik perbaiki
baiksaja,baik saja
bajingaaaan,bajingan
balaukacau,balau kacau
baleg,balik
balek,balik
bales,balas
balkotnya,barcodenya
banditmaling,bandit maling
baner,banner
bangat,banget
bangeetttt,banget
bangetdan,banget dan
bangetkami,banget kami
bangetmau,banget mau
bangetmengirim,banget mengirim
bangett,banget
bangetterlalu,banget terlalu
bangettt,banget
bangetudah,banget udah
bangetudh,banget udah
bangsaaat,bangsat
bangsad,bangsat
bangsatt,bangsat
bangsattttttttt,bangsat
bangt,banget
bankdanaovo,bank dana ovo
banktepaksa,bank terpaksa
bannerspanduk,banner spanduk
bantunjawab,bantu jawab
bantusaya,bantu saya
banyakk,banyak
banyakpantas,banyak pantas
barangnyaaku,barangnya saya
barapa,berapa
barcede,barcode
barcobdan,barcode dan
barcod,barcode
barcodeada,barcode ada
barcodedengan,barcode dengan
barcodeeh,barcode
barcodeinput,barcode input
barcodeno,barcode nomor
barcodenya,barcodenya
barcodenyaga,barcodenya tidak
barcodenyatapi,barcodenya tapi
barcodepadahal,barcode padahal
barcoderibet,barcode ribet
barcodesekarang,barcode sekarang
barcodetapi,barcode tapi
barcodetes,barcode tes
barcodetolong,barcode tolong
barcodetp,barcode tapi
barcodeyang,barcode yang
barcodhp,barcode hp
barcokhot,barcode
barcord,barcode
barcordt,barcode
barcot,barcode
barcotnya,barcodenya
bardcode,barcode
barecode,barcode
barkod,barcode
barkode,barcode
barkodenya,barcodenya
barkot,barcode
barkotjadi,barcode jadi
barkotkode,barcode kode
barkotnya,barcodenya
barode,barcode
barqode,barcode
barusekitar,baru sekitar
barusemoga,baru semoga
baruyang,baru yang
barvcode,barcode
batubara,batu bara
bawahyg,bawah yang
bayak,banyak
bbmdi,bbm di
bbmini,bbm ini
bbmkalau,bbm kalau
bbmkalo,bbm kalau
bbmmending,bbm mending
bbmnya,bbmnya
bbmselanjutnya,bbm selanjutnya
bbmtapi,bbm tapi
bbmy,bbmnya
bbmyg,bbm yang
bbrp,beberapa
bbrpa,beberapa
bbrpx,beberapanya
bdoh,bodoh
beast,best
becusssss,becus
beesubsidi,bersubsidi
beg,bego
beginisetiap,begini setiap
beginiwoy,begini woy
bekerjasama,bekerja sama
beliaduh,beli aduh
belibet,ribet
belikenapa,beli kenapa
belinyagk,belinya tidak
belisekelas,beli sekelas
belitapk,belit aplikasi
belitbelit,belit belit
belumada,belum ada
belumsemua,belum semua
bemanfaatkelamaan,bermanfaat kelamaan
benarapk,benar aplikasi
benarbenar,benar benar
benardan,benar da
benarnomor,benar nomor
benarudah,benar udah
bened,banned
beneerr,benar
bener,benar
beneran,benaran
benerin,benarin
benerlahh,benarlah
benermasa,benar masa
benernya,benarnya
benerudah,benar sudah
bengsin,bensin
bensi,bensin
bensinharus,bensin harus
bensinisi,bensin isi
bensinkasihan,bensin kasihan
bensinklo,bensin kalau
bensinplat,bensin plat
bensinya,bensinnya
berapakali,berapa kali
berbedajdi,berbeda jadi
berbelitbelit,berbelit belit
berbelitsdh,berbelit sudah
bercnda,bercanda
bercode,barcode
bereslha,bereslah
bergunamembingungkanribet,berguna membingungkan ribet
berharihari,berhari hari
berhasilaplikasi,berhasil aplikasi
berhasilujung,berhasil ujung
berhdiahnya,berhadiahnya
berjamjam,berjam jam
berkalikali,berkali kali
berkcimpung,berkecimpung
berkembangtradisi,berkembang tradisi
berkerjasama,bekerja sama
berlakutruk,berlaku truk
bermanfaatblum,bermanfaat belum
bermanfaatkeren,bermanfaat keren
bermaslh,bermasalah
bermcm,bermacam macam
bermcm mcm,bermacam macam
bermingguminggu,berminggu minggu
bermobilmobil,bermobil mobil
berpa,berapa
berpaedah,berfaedah
bersubsidj,bersubsidi
bersupaidi,bersubsidi
bersupsidi,bersubsidi
berteletele,bertele tele
bertemunyasekitar,bertemunya sekitar
berubahpemimpin,berubah pemimpin
berulamg,berulang
berulangulang,berulang ulang
besarkalau,besar kalau
besarnyusahin,besar nyusahin
besikapa,bersikap
besin,bensin
bg,bang
bgaimanayaaaa,bagaimana ya
bgd,banget
bget,banget
bgini,begini
bgitu,begitu
bgmn,bagaimana
bgmna,bagaimana
bgs,bagus
bgsd,bangsat
bgt,banget
bgtnyusahin,banget nyusahin
bgtsowe,banget kita
bgus,bagus
bhkan,bahkan
bhw,bahwa
bikinny,buatnya
bikintolong,buat tolong
bikit,buat
bikn,buat
bilanh,bilang
binggu,bingung
binggungkesulitan,bingung kesulitan
bingtang,bintang
bingu,bingung
bingubg,bingung
binsin,bensin
bintng,bintang
biosolarsudh,biosolar sudah
biosolat,biosolar
bisaa,bisa
bisaaaaaaaaaaaaa,bisa
bisaaplikasi,bisa aplikasi
bisabayar,bisa bayar
bisabisa,bisa bisa
bisacara,bisa cara
bisadan,bisa dan
bisadi,bisa di
bisafoto,bisa foto
bisaga,bisa tidak
bisagaris,bisa garis
bisagimana,bisa gimana
bisah,bisa
bisakapan,bisa kapan
bisakasi,bisa kasih
bisakorupsi,bisa korupsi
bisakualitas,bisa kualitas
bisamau,bisa mau
bisaminimal,bisa minimal
bisamohon,bisa mohon
bisanasib,bisa nasib
bisanik,bisa nik
bisanotifikasi,biisa notifikasi
bisapassword,bisa password
bisasekarang,bisa sekarang
bisasia,bisa sia
bisasoalnya,bisa soalnya
bisaterus,bisa terus
bisatolong,bisa tolong
biso,bisa
bjsa,bisa
bkan,bukan
bkin,buat
bkk,bukan
bkn,bukan
bknya,bukannya
blakn,bla kan
blass,blas
blasss,blas
blassssudh,blas sudah
blast,blas
blg,bilang
bli,beli
blibet,beribet
blinkbtidak,paling tidak
bljr,belajar
blm,belum
bln,bulan
blog,goblok
blok,goblok
blokk,blokir
blokmau,blokir mau
blom,belum
blum,belum
blurdan,blur dan
blurparah,blur parah
bmm,bbm
bnaget,banget
bner,benar
bneran,benaran
bnerin,benarin
bnget,banget
bngt,banget
bnr,benar
bnrin,benarin
bnyak,banyak
bnyk,banyak
boar,biar
bobrokklemotsusah,bobrok lemot susah
bodo,bodoh
bodohhh,bodoh
bolabali,bolak balik
bolakbalik,bolak balik
bolal,bolak
bosa,bisa
boskuuuuuuuuuu,bos saya
bosok,busuk
bosoksemoga,busuk semoga
boss,bos
bosss,bos
bossssgimana,bos gimana
bossssss,bos
botalhasil,bot alhasil
bpak,bapak
brcode,barcode
brengsekkorup,brengsek korup
brhasil,berhasil
brightstore,bright store
briping,brifing
brkurang,berkurang
broo,bro
brow,bro
brp,berapa
brpa,berapa
brtmbh,bertambah
bru,baru
bs,bisa
bsa,bisa
bsamalah,bisa malah
bsanya,bisanya
bsbarcode,berbarcode
bsok,besok
bsrcode,barcode
bsverifikasi,berverifikasi
buanget,banget
buangwaktu,buang waktu
buanyak,banyak
buatnyagabaturan,buatnya tidak beraturan
bugcrash,bug crash
bugg,bug
bugharus,bug harus
bugmaksa,bug maksa
bugmuter,bug muter
bugnapol,bug napol
bugsetidaknya,bug setidaknya
bugsterutama,bug terutama
bukaapa,buka apa
bukabangkrut,buka bangkrut
bukadigunakankembali,buka digunakan kembali
bukahadeeh,buka aduh
bukak,buka
bukakalau,buka kalau
bukake,buka
bukamau,buka mau
bukanny,bukannya
bulanya,bulannya
burikkk,burik
burukapa,buruk apa
burukbusukbanyak,buruk busuk banyak
burukk,buruk
burukkk,buruk
burukkmembingungkan,buruk membingungkan
buruksangat,buruk sangat
busybegitu,busy begitu
butakerjaannya,buta kerjaannya
buttonya,buttonnya
butuk,buruk
buwat,buat
bwa,bawa
bwt,buat
byar,bayar
byk,banyak
caba,coba
cacaattt,cacat
cacad,cacat
cacatmasa,cacat masa
caim,klaim
cal,call
callcenternya,call centernya
camera,kamera
canggi,canggih
cansel,batal
cape,capek
carane,caranya
caraxa,caranya
cardaccount,card account
caronyo,caranya
caruk,cari
cas,cash
casbek,cashback
casehback,cashback
cass,cash
castemer,customer
catamer,customer
catanya,katanya
catet,catat
cb,coba
cba,coba
cbudi,c budi
cc,call center
cecer,ecer
cemana,gimana
centermalah,center malah
centre,center
ceper,cepat
cepet,cepat
chasback,cashback
check,cek
china,cina
chinaamerika,cina amerika
chrom,chrome
chuaaaaks,chuaks
cihh,cih
citer,cheater
claim,klaim
claimnya,klaimnya
clam,klaim
click,klik
clim,klaim
cm,cuma
cma,cuma
cmn,cuman
cobacoba,coba coba
coban,coba
cobasmoga,coba semoga
coco,cocok
code,kode
codenya,kodenya
codeqr,kode qr
codr,kode
coin,koin
cokkk,cok
complain,komplain
computer,komputer
contact,kontak
coustemer,costumer
cpek,capek
cpet,cepat
cpt,cepat
cri,cari
crome,chrome
cs,customer service
cuaaks,chuaks
cuba,coba
cukuptolong,cukup tolong
cumaaa,cuma
cumn,cuman
cuooookkkkk,cok
cuuiiihhhh,cuih
d,di
da,sudah
daerahdaerah,daerah daerah
dafatarin,daftarin
daftaraplikasi,daftar aplikasi
daftarcara,daftar acara
daftardapat,daftar dapat
daftardisuruh,daftar disuruh
daftare,daftarnya
daftarhdh,daftar aduh
daftarheran,daftar heran
daftarklo,daftar kalau
daftarknapa,daftar kenapa
daftarkok,daftar kok
daftarmana,daftar mana
daftarmasalah,daftar masalah
daftarmau,daftar mau
daftarny,daftarnya
daftarpembelian,daftar pembelian
daftarrin,daftarin
daftarrlemotttsangatt,daftar lemot sangat
daftarsaat,daftar saat
daftarsudah,daftar seudah
daftartambah,daftar tambah
daftartapi,daftar tapi
daftartp,daftar tapi
daftartpi,daftar tapi
daftarudah,daftar sudah
daftat,daftar
daftere,daftar
daftr,daftar
daftra,daftar
dahulumiris,dahulu miris
dalemanya,dalemannya
dam,dan
damaiaman,damai aman
danaovo,dana ovo
dapatr,dapat
daper,dapat
dapet,dapat
dapetin,dapatin
dapt,dapat
daptar,daftar
daptarinput,daftar input
datadata,data data
datalengkap,data lengkap
datatiba,data tiba
datatidak,data tidak
dbenai,dibenai
dbenerin,dibenarin
dbesarin,dibesarin
dbuat,dibuat
ddftarkn,didaftarkan
debitcash,debit cash
dechyang,deh yang
deeech,deh
deeh,deh
defloper,developer
degen,drigen
dehhh,deh
deket,dekat
denga,dengan
dengam,dengan
depa,depan
depatmen,departemen
depinisi,definisi
depositt,deposit
desaorang,desa orang
desel,diesel
develovernya,developernya
deveploper,developer
devlop,developer
dexfix,dex fix
dftar,daftar
dftarkan,daftarkan
dftarnya,daftarnya
dftr,daftar
dg,dengan
dgn,dengan
dgunakan,digunakan
diapdet,diupdate
diayar,di layar
dibenerin,dibenarin
dibiken,dibuat
dibukaaplikasi,dibuka aplikasi
dichargerlahpernah,dichargerlah pernah
diclaim,diklaim
dicutat,dicatat
didaftarno,didaftarin
didahulukanakhirnya,didahulukan akhirnya
didownloadsudah,didownload sudah
diem,diam
digitalurusin,digital urusin
digunakanaplikasi,digunakan aplikasi
digunakangimana,digunakan gimana
digunakantidak,digunakan tidak
digunankn,digunakan
diharuskantolong,diharuskan tolong
dihital,digital
diilangin,dihilangin
diinstal,diinstall
diipload,diupload
diistall,diinstall
dijakarta,di jakarta
dijalankantiap,dijalankan tiap
dijawa,di jawa
dikemanakanmakanya,dikemanakan makanya
dikirimgak,dikirim tidak
dikirimnungguin,dikirim nungguin
dikitdikit,dikit dikit
dikonfirmasiakan,dikonfirmasikan
diluncurkegawe,diluncur ke gawe
dimanaapus,dimana hapus
dimanamana,dimana mana
dimanfaatkanpadahal,dimanfaatkan padahal
dimasukkn,dimasukkan
dimayasy,di maya saya
dinaikinbikin,dinaikin buat
dinaikkin,dinaikin
dinantu,dinanti
dinegri,di negeri
dinkira,dikira
dipake,dipakai
dipakek,dipakai
diperbaharuinnya,diperbaharuinya
diperbaikikalo,diperbaiki kalau
diperbaikimasih,diperbaiki masih
diperbaikin,diperbaiki
dipersulitaplikasi,dipersulit aplikasi
dipersulitlelet,dipersulit lelet
dipertamina,di pertamina
dipke,di pakai
diplystore,di play store
dipom,di pom
dipostingaplikasi,diposting aplikasi
dipoto,difoto
dirijen,drigen
dirilispercuma,dirilis percuma
dirisetelah,diri setelah
diriview,di review
disalahgunain,disalah gunain
disalahgunakan,disalah gunakan
disampaikain,disampaikan
disc,diskon
discount,diskon
disebarrasakan,disebar rasakan
disegi,dari segi
disel,diesel
disempurnaksn,disempurnakan
disi,diisi
disistemnyaga,si sistemnya tidak
dispbu,di spbu
disruh,disuruh
disuru,disuruh
disusahinmakin,disusahin makin
disuwuh,disuruh
ditanggepi,ditanggapi
ditindaklanjuti,ditindak lanjuti
ditmpt,di tempat
ditolakaplikasi,ditolak aplikasi
ditolakbikin,ditolak buat
ditolakgara,ditolak gara
ditolakpadahal,ditolak padahal
ditolaksekarang,ditolak sekarang
ditolok,ditolak
diuplod,di upload
diutamainfakta,diutamain fakta
diverifikasiitu,diverifikasi itu
diwajibin,diwajibkan
diweb,di website
diwebsite,di website
diwnload,download
dkirimkalo,dikirim kalau
dl,dulu
dlkukan,dilakukan
dll,dan lain lain
dlm,dalam
dlmana,dimana
dlmnya,dalamnya
dlu,dulu
dluuu,dulu
dmn,dimana
dmna,dimana
dmngerti,dimengerti
dn,dan
dng,dengan
doangg,doang
doangmenghabiskan,doang menhabiskan
doank,doang
doble,double
dobol,double
doenload,download
doenloadga,download tidak
dongbener,dong benar
dongggggggggggggg,dong
dongkarna,dong karena
dongsedangkan,dong sedangkan
donk,dong
donkmasa,dong masa
donload,download
donlod,download
donlot,download
donlotdan,download dan
donlowad,download
donlowod,download
donwload,download
donwold,download
dowenload,download
dowload,download
dowlod,download
dowlond,download
downloaddi,download di
downloadsaraf,download saraf
downlod,download
dpat,dapat
dpermudah,dipermudah
dpersulit,dipersulit
dpet,dapat
dprjgn,dpr jangan
dpt,dapat
dptin,dapatin
dptkan,dapatkan
dr,dari
dri,dari
dri,dari
drpd,dari pada
drtd,dari tadi
dsb,dan sebagainya
dsruh,disuruh
dst,dan seterusnya
dsuru,disuruh
dterapkan,diterapkan
dtngh,di tengah
duadengan,dua dengan
duamotorsama,dua motor sama
duhh,duh
duirnya,uangnya
duit,uang
duli,cepat
duludeveloper,dulu developer
duluitupun,dulu itupun
dulukasian,dulu kasihan
dululahini,dululah ini
dulumana,dulu mana
dulusblm,dulu sebelum
dulutapi,dulu tapi
dunk,dong
dunlod,download
duooooobol,dobol
dupermudah,duper murah
dwonload,download
dwri,dari
dzalim,dzolim
edcyg,edc yang
eddaaaaaan,edan
editganti,edit ganti
ee,ekh
eee,ekh
eeeee,ekh
eeeh,ekh
eeehhhh,ekh
eeh,ekh
eek,taik
efisienkasiian,efisien kasihan
efisiensiper,efisien per
eh,ekh
ehh,ekh
ehhh,ekh
ehkanapa,ekh kenapa
ei,ekh
elite,elit
ellor,error
eloor,error
elor,error
elu,kamu
emai,email
emailadminya,email adminnya
emailbagai,email bagai
emailgak,email tidak
emailkatanya,email katanya
emailmohon,email mohon
emailmsuk,email masuk
emailnyadasar,emailnya dasar
emailriiibbeeettttt,email ribet
emailtp,email tapi
emang,memang
embelembelnya,embel embelnya
emg,memang
emgnya,memangnya
emil,email
emng,memang
empattpi,empat tapi
engak,tidak
engga,tidak
enggak,tidak
enggk,tidak
engkau,kamu
ennggak,tidak
entar,nanti
ente,kamu
epektif,efektif
epektifpembayaran,efektif pembayaran
epektip,efektif
eror,error
erora,error
erormesinnya,error mesinnya
erormw,error mau
erorpunya,error punya
erorr,error
erorrr,error
errorgangguan,error gangguan
errornik,error nik
errortolong,error tolong
esmosi,emosi
esok,besok
even,event
evesien,efisien
evisien,efisien
ewalet,ewallet
falid,valid
fasword,password
fb,facebook
fc,force close
fck,fuck
feb,februari
febuari,februari
fengan,dengan
ferefikasi,verifikasi
ferivikasi,verifikasi
ferivikasinya,verifikasinya
fertivikasi,vertivikasi
fformulir,formulir
fhoto,foto
fiktifudah,fiktif sudah
firtuner,fortuner
firur,fitur
fitu,fitur
flexibel,fleksibel
forceclose,force close
fortunervrz,fortuner
fotafoto,fota foto
foucer,voucher
freezemasuk,freeze masuk
ft,foto
fto,foto
fucek,fuck
g,tidak
ga,tidak
gaada,tidak ada
gaadapadahal,tidak ada padahal
gaak,tidak
gabawa,tidak bawa
gabener,tidak benar
gabergunamengisi,tidak berguna mengisi
gabisa,tidak bisa
gabisamasalahnya,tidak bisa masalahnya
gabsa,tidak bisa
gada,tidak ada
gadapet,tidak dapat
gag,tidak
gagalmulu,gagal mulu
gagalratusan,gagal ratusan
gaguna,tidak guna
gagunaaaa,tidak guna
gaje,tidak jelas
gajelas,tidak jelas
gajelaserror,tidak jelas error
gajelasmenyulitkan,tidak jelas menyulitkan
gajelaspercuma,tidak jelas percuma
gajelass,tidak jelas
gajelassangat,tidak jelas sangat
gajih,gaji
gajo,gaji
gak,tidak
gakjelas,tidak jelas
gakk,tidak
gakmau,tidak mau
galeriaplikasi,galeri aplikasi
galerifoto,galeri foto
galery,galeri
gamasuk,tidak masuk
gamau,tidak mau
gambarnyaaa,gambarnya
gampanggampang,gampang gampang
gampangsekarang,gampang sekarang
gamtek,gaptek
gangguanapa,gangguan apa
gangguanerror,gangguan error
gangguangak,gangguan tidak
gangguanlahyg,gangguanlah yang
gangguanujung,gangguan ujung
ganguan,gangguan
ganiat,tidak niat
gapaham,tidak paham
gaperlu,tidak perlu
gapernah,tidak pernah
garagara,gara gara
gasemua,tidak semua
gatau,tidak tahu
gatell,gatal
gatelnggak,gatal tidak
gathell,gatal tidak
gausa,tidak usah
gausah,tidak usah
gaush,tidak usah
gax,tidak
gbecus,tidak becus
gbisa,tidak bisa
gblg,goblok
gblk,goblok
gblok,goblok
gbsa,tidak bisa
gda,tidak ada
gekpernah,tidak pernah
gemana,gimana
gemink,gaming
gemnya,gamenya
gesermohon,geser mohon
gg,tidak
ggal,gagal
ggk,tidak
gguan,gangguan
gilaa,gila
gililan,giliran
gililran,giliran
gimanaasih,gimana sih
gimanagagal,gimana gagal
gimanah,gimana
gimn,gimana
gimna,gimana
gin,gini
giniditambah,gini ditambah
giniian,ginian
ginimiris,gini miris
ginisaya,gini saya
giniusaha,gini usaha
ginu,gini
gj,tidak jelas
gjdi,tidak jadi
gk,tidak
gkguna,tidak guna
gmana,gimana
gmn,gimana
gmna,gimana
gmnaa,gimana
gmnabarkot,gimana barcode
gmpng,gampang
gnh,gini
gni,gini
gnigmn,gini gimana
gnikasianlah,gini kasianlah
goblog,goblok
gontaganti,gonta ganti
goodjob,good job
gopayerror,gopay error
gopaykok,gopay kok
gopayovo,gopay ovo
gopayovoshopee,gopay ovo shopee
gpp,tidak apa apa
grgr,gara gara
grs,harus
gt,gitu
gtl,gatal
gtu,gitu
gua,saya
guatel,gatal
gue,saya
guesampai,saya sampai
guma,guna
gun,guna
gunaa,guna
gunaain,gunain
gunadaftar,guna daftar
gunadi,guna di
gunahabisin,guna habisin
gunaka,gunakan
gunakaan,gunakaan
gunakanbakalan,gunakan bakalan
gunakankalau,gubakan kalau
gunakanpd,gunakan pada
gunakanregistrasi,gunakan registrasi
gunakansangat,gunakan sangat
gunakansdah,gunakan sudah
gunakanya,gunakannya
gunaknoaplikasi,gunakan aplikasi
gunamasa,guna masa
gunamau,guna mau
gunamenu,guna menu
gunangrilog,guna ngerelog
gunasubsidi,guna subsidi
gunnain,gunain
gw,saya
gx,tidak
ha,haha
habisharus,habis harus
habispadahal,habis padahal
habispdhl,habis padahal
habs,habis
had,hadeh
haddeh,hadeh
hadduuu,hadeh
hadeee,hadeh
hadeeeeeeuh,hadeh
hadeeeeuh,hadeh
hadeeh,hadeh
hadeehh,hadeh
hadeehhh,hadeh
hadeehhhbye,hadeh
hadegh,hadeh
hadehh,hadeh
hadehhh,hadeh
hadehhhh,hadeh
hadehhhhh,hadeh
hadeuh,hadeh
hadeuuuh,hadeh
hadeuuuhh,hadeh
hadeuuuhhh,hadeh
hadia,hadiah
haduh,hadeh
haduuhhhh,hadeh
hah,haha
hahaha,haha
hahahahahahahaha,haha
halhal,hal hal
hallo,halo
hamjadahmau,hamjadah mau
handphon,handphone
hang,hangus
hangs,hangus
hangusdaptar,hangus daftar
hape,handphone
hapuus,hapus
harcot,barcode
harigimana,hari gimana
harua,harus
harusa,harus
haruss,harus
haseuum,asam
hasily,hasilnya
hbs,habis
heeeei,hei
heheehe,hehe
hellooooo,halo
hfl,hafal
hilangga,hilang tidak
history,histori
historynya,historinya
historyrecord,histori record
hitunghitung,hitung hitung
hmmmm,hmm
hmy,h my
hny,hanya
hnya,hanya
horang,orang
hoy,hoe
hp,handphone
hpdftar,handphone daftar
hpku,handphonenya
hpnya,handphonenya
hpus,hapus
hr,hari
hrga,harga
hrganya,harganya
hrs,harus
hrsampe,hari sampai
hrsenin,hari senin
hrsnya,harusnya
hrus,harus
hrusnya,harusnya
hsrusnya,harusnya
hub,hubungi
hueeekdaftarnya,huek daftarnya
huehehehee,hehe
huekkk,huek
huekkmaaf,huek maaf
hufftt,huft
huhhhsy,huft
huuu,huft
huuufffttt,huft
ia,iya
idiod,idiot
idioott,idiot
iklas,ikhlas
ikutikutan,ikut ikutan
ilang,hilang
imelny,emailnya
incentive,insentif
indo,indonesia
indomaretalfamart,indomaret alfamart
indonesah,indonesia
indonesiaen,indonesia
indonesiakalo,indonesia kalau
indonetsia,indonesia
infonyaaku,infonya saya
infustri,industri
iniahli,ini ahli
iniapakah,ini apakah
iniaplikaasi,ini aplikasi
iniatau,ini atau
inibikin,ini buat
inibuat,ini buat
iniburuk,ini buruk
inidaftar,ini daftar
inigak,ini tidak
inigiliran,ini giliran
inih,ini
iniharapannya,ini harapannya
iniharus,ini harus
inihedehsemoga,ini deh semoga
iniii,ini
iniini,ini ini
inikalau,ini kalau
inikarena,ini karena
inikarna,ini karena
inikita,ini kita
inimau,ini mau
ininiat,ini niat
ininyusahin,ini nyusahin
inisangat,ini sangat
inisebulan,ini sebulan
initerpaksa,ini terpaksa
initerus,ini terus
initinggal,ini tinggal
initolong,ini tolong
initp,ini tapi
iniudh,ini sudah
iniyang,ini yang
inj,ini
instal,install
insyaallah,insya allah
intal,install
isibensin,isi bensin
isibpassword,isi password
isigak,isi tidak
isih,isi
isiminyak,isi minyak
itudan,itu dan
ituga,itu tidak
itumemang,itu menang
ituterus,itu terus
iyeu,iya
jadibahkan,jadi bahkan
jadigiliran,jadi giliran
jadinyamboh,jadinya mboh
jadinyatolong,jadinya tolong
jahanam,jahannam
jalanrakyat,jalan rakyat
jalanyaa,jalannya
jalurnyaharus,jalurnya harus
jancuukkk,jancuk
jancuukkkkk,jancuk
jangn,jangan
janjanne,janjane
jarinangagal,jaringan gagal
jaringanbukannya,jaringan bukannya
jau,jauh
jauhjauh,jauh jauh
javhd,jauh
jawabanakhirnya,jawaban akhirnya
jawabannyasesi,jawabannya sesi
jawabanya,jawabannya
jawabkarna,jawab karena
jawabnyaga,jawabnya tidak
jbingan,bajingan
jd,jadi
jda,jadinya
jdi,jadi
jdilh,jadilah
jdinya,jadinya
jdnya,jadinya
jelasapk,jelas aplikasi
jelasaplikasi,jelas aplikasi
jelasbanyak,jelas banyak
jelasbegitu,jelas begitu
jelasberbelit,jelas berbelit
jelasbikin,jelas buat
jelasbuat,jelas buat
jelasdaftar,jelas daftar
jelasdi,jelas di
jelasdiaplikasi,jelas di aplikasi
jelasdonlod,jelas download
jelasjadi,jelas jadi
jelasjelas,jelas jelas
jelasmalah,jelas malah
jelasmau,jelas mau
jelaspadahal,jelas padahal
jelaspayah,jelas payah
jelasribetdan,jelas ribet dan
jelass,jelas
jelassangat,jelas sangat
jelassemua,jelas semua
jelassmenyusahkanyg,jelas menyusahkan
jelasss,jelas
jelassss,jelas
jelasssss,jelas
jelasuda,jelas sudah
jelekk,jelek
jelekkkkkkkkkk,jelek
jelekmau,jelek mau
jeleksusah,jelek susah
jeles,jelas
jelsa,jelas
jeluar,keluar
jembunik,jembut nik
jengkela,jengkelnya
jeoass,jelas
jeregen,drigen
jeregenyg,drigen yang
jerigen,drigen
jg,juga
jga,juga
jgan,jangan
jgn,jangan
jihbikin,jih buat
jing,anjing
jir,anjing
jkt,jakarta
jl,jalan
jlas,jelas
jlek,jelek
jln,jalan
jls,jelas
jm,jam
jmbt,jembut
jng,jangan
jngan,jangan
jrg,jarang
jrigen,drigen
jringan,jaringan
jta,juta
juataan,jutaan
jugaa,juga
jugabuat,juga buat
jugakecewaaaaaaaaaaaaa,juga kecewa
jugaketerangannya,juga keterangannya
jugamaksa,juga maksa
jugatetep,juga tetap
jugi,rugi
jurig,burik
jwbn,jawaban
k buka,kebuka
kabare,kabanya
kabaruntung,kabar untung
kabeh,semua
kacaudi,kacau di
kacauuuuuuuuuu,kacau
kadaluwarsa,kadaluarsa
kadih,kasih
kaga,tidak
kagaaa,tidak
kagak,tidak
kaish,kasih
kak,kakak
kaka,kakak
kakk,kakak
kakok,kakak
kalai,kalau
kalao,kalau
kalaw,kalau
kalean,kalian
kalen,kalian
kaliat,kakak lihat
kalibuka,kali buka
kalibukanya,kali bukanya
kalidi,kali di
kaliditolak,kali ditolak
kalipadahal,kali padahal
kaliselalu,kali selalu
kalo,kalau
kalok,kalau
kalu,kalau
kamerasistem,kamera sistem
kamiiiiiiiii,kami
kamim,kami
kampanyedah,kampanye dah
kampungkampung,kampung kampung
kanini,kan ini
kantorganti,kantor ganti
kapasitaspadahal,kapasitas padahal
kariyawan,karyawan
karna,karena
kasi,kasih
kasihinilah,kasihanilah
kasihmohon,kasih mohon
kasik,kasih
kasisaya,kasih saya
katana,katanya
katany,katanya
katax,katanya
kau,kamu
kayaaneh,kayak aneh
kayagini,kayak gini
kayah,kaya
kayaknyakatanya,kayaknya katanya
kayayang,kaya yang
kbesaran,kebesaran
kbijakan,kebijakan
kbnyakan,kebanyakan
kcewa,kecewa
kcl,kecil
kcuali,kecuali
kdang,kadang
kebajaktolong,kebajak tolong
kebanyakn,kebanyakan
kebdaraan,keberadaan
kebijakanya,kebijakannya
kebingungdan,kebingungan dan
kebnyakn,kebanyakan
kebocorandatakendaraan,kebocoran data kendaraan
kecamatankota,kecamatan kota
kecewaaplikasi,kecewa aplikasi
kecewabynk,kecewa banyak
kecewalokasi,kecewa lokasi
kecewasih,kecewa sih
kecilmalah,kecil malah
kecilmau,kecil mau
kecilselalu,kecil selalu
keciludah,kecil sudah
keciludh,kecil sudah
kedatamakasih,kedata terima kasih
kede,kode
kehidupanbanyak,kehidupan banyak
keja,kerja
kejawa,ke jawa
kejelassaan,kejelasan
kek,kayak
kekgtu,kayak gitu
kekulangant,kekurangan
kelancarantapi,kelancaran tapi
kelebiahan,kelebihan
keliapatan,kelipatan
keluan,keluhan
keluarpusing,keluar pusing
keluarrr,keluar
keluarternyata,keluar ternyata
kemanjuan,kemajuan
kemaren,kemarin
kembaliln,kembaliin
kembalipas,kembali pas
kembaliterimakasih,kembali terima kasih
kemudin,kemudian
kemundurankalau,kemunduran kalau
kemunduransebelumnya,kemunduruan sebelumnya
kenap,kenapa
kendaraanya,kendaraannya
kendaran,kendaraan
kenderaan,kendaraan
kendraan,kendaraan
kenpa,kenapa
kentangmau,kantang mau
kepakasa,kepaksa
kepake,kepakai
kepalaaplikasi,kepala aplikasi
kerj,kerja
kerjasama,kerja sama
kerta,kereta
kertasjngan,kertas jangan
kesalahanya,kesalahannya
kesalahpahaman,kesalah pahaman
kesalbikin,kesal buat
kesel,kesal
keteranganya,keterangannya
ketikterlalu,ketik terlalu
ketulissusah,ketulis susah
key word,keyword
kg,tidak
kga,tidak
kgehmalah,kaget malah
kgk,tidak
kieeeee,kie
kieu,kie
kiiihhh,kie
kirimtp,kirim tapi
kirm,kirim
kitaa,kita
kitadengan,kita dengan
kitaga,kita tidak
kitapakai,kita pakai
kits,kita
klas,kelas
klau,kalau
klean,kalian
klen,kalian
kli,kali
kliatn,kelihatan
klihatan,kelihatan
klime,klaim
klngsungn,kelangsungan
klo,kalo
klok,kalau
klola,kelola
klu,kalau
kluar,keluar
kluarga,keluarga
kluarsllu,keluar selalu
klw,kalau
km,kamu
kmbali,kembali
kmi,kami
kmmami,kami
kmn,kemana
kmna,kemana
kmren,kemarin
kmrn,kemarin
knapa,kenapa
kndala,kendala
kndaraansopir,kendaraan supir
knnntl,kontol
knp,kenapa
knpa,kenapa
kntl,kontol
kntlll,kontol
kodedata,kode data
kodenggak,kode tidak
kodepasword,kode password
kog,kok
kompilama,kompi lama
kompirmasinya,konfirmasinya
komplan,komplain
komplen,komplain
komplin,komplain
komplitsusah,komplit susah
konfir,konfirmasi
konfirm,konfirmasi
konfirmasitp,konfirmasi tapi
konfirmnya,konfirmasinya
konfirnya,konfirmasinya
konntl,kontol
konsumenjatah,konsumen jatah
konthol,kontol
kontil,kontol
kontl,kontol
kontoll,kontol
kontool,kontol
konyolll,konyol
kook,kok
koq,kok
kotaaplikasi,kota aplikasi
kote,kode
kotha,kuota
koto,kota
kouta,kuota
koyo,kayak
koyok,kayak
kpn,kapan
krajan,kerajaan
krena,karena
krg,kurang
krim,kirim
krj,kerja
krja,kerja
krn,karena
krna,karena
kta,kata
ktjaan,kerjaan
ktl,kontol
ktnya,katanya
ktpgmn,ktp gimana
ktpnomor,ktp nomor
ktpstnk,ktp stnk
kuatir,khawatir
kudu,harus
kuluarga,keluarga
kumatpengen,kumat pengen
kuntulllllll,kontol
kuotahp,kuota handphone
kuotanopol,kuota nopol
kurabg,kurang
kurangsekarang,kurang sekarang
kurupsi,korupsi
kwalitas,kualitas
kya,kayak
kyak,kayak
kyk,kayak
kyknya,kayaknya
laa,lah
laaa,lah
laaahhini,lah ini
laah,lah
lacar,lancar
ladi,lah di
laen,lain
lagibahkan,lagi bahkan
lagibiar,lagi biar
lagibuka,lagi buka
lagidaftar,lagi daftar
lagifoucer,lagi voucher
lagigw,lagi saya
lagijadi,lagi jadi
lagikasian,lagi kasihan
lagimohon,lagi mohon
lagisampe,lagi sampai
lagisangat,lagi sangat
lagitidak,lagi tidak
lagiyg,lagi yang
lahgampang,lah gampang
lahh,lah
lahhhhhhh,lah
lahjangan,lah jangan
lahpadahal,lah padahal
lahpasword,lah password
lahuntuk,lah untuk
laindan,lain dan
lainkendaraan,lain kendaraan
lainsekelas,lain sekelas
lainyagk,lainnya yang
laknatyang,laknat yang
lamaa,lama
lamaaa,lama
lamaaaaa,lama
lamaaaaaa,lama
lamao,lama
lamban,lambat
lambatantrian,lambat antrian
lambattidak,lambat tidak
lamo,lama
lancardasar,lancar dasar
lancarkerja,lancar kerja
lancarrr,lancar
lanjutigimna,lanjuti gimana
lanjutlama,lanjut lama
lansir,langsir
lansung,langsung
lapnganmasyrakat,lapangan masyarakat
lasering,lah sering
latidak,lah tidak
launcing,launching
layananannya,layanannya
layann,layan
lbh,lebih
lbih,lebih
leawat,lewat
lebihdisiplin,lebih disiplin
lebihtlong,lebih tolong
ledaran,lebaran
lekangdi,lekang di
leletgagal,lelet gagal
lemooot,lemot
lemotnyamau,lemotnya mau
lemott,lemot
lenkap,lengkap
leveldan,level dan
lg,lagi
lgcoba,lagi coba
lgi,lagi
lgiklo,lagi kalau
lgseharus,lagi seharus
lgsubsidi,lagi subsidi
lgsung,langsung
lh,lah
lha,lah
lhaa,lah
lhari,hari
lhh,lah
lho,loh
lho,loh
liat,lihat
liink,link
linkajagopay,linkaja gopay
linkajahadehh,linkaja hadeh
linkajaharus,linkaja harus
linkajakan,linkaja kan
linkajapakai,linkaja pakai
linkajh,linkaja
linkjadi,link jadi
literitu,liter itu
literkm,liter km
lkp,lengkap
lmanya,lamanya
lmbat,lambat
lngsung,langsung
lngsungtidak,langsung tidak
loding,loading
loe,kamu
logging,login
loginterlalu,login terlalu
loginudah,login sudah
loginwoe,login woy
logowhat,logo what
loguot,logout
lohwong,loh wong
lol,tolol
lounch,launching
lounching,launching
lpangan,lapangan
lsg,langsung
lsinya,isinya
ltg,liter g
ltr,liter
lu,kamu
luarbiasa,luar biasa
luj,kamu
lwat,lewat
lwt,lewat
ma,sama
maaaf,maaf
maaih,masih
macampertamina,macam pertamina
macan,macam
macem,macam
maduk,masuk
maen,main
mahaaall,mahal
mahh,mah
mainmain,main main
majuhadehhhhhh,maju hadeh
majuorang,maju orang
makansy,makan saya
makasa,maksa
makasih,terima kasih
make,pakai
makek,pakai
makenya,pakainya
makij,makin
makindi,makin di
maksabegitu,maksa begitu
maksd,maksud
maksimalsesuai,mkasimal sesuai
maksutnya,maksudnya
makudnya,maksudnya
malem,malam
males,malas
malh,malah
malingbapak,maling bapak
malm,malam
malung,maling
mambantu,membantu
mampasulik,mempersulit
mampufakta,mampu fakta
mampusini,mampu sini
manabiar,mana biar
manasiapa,mana siapa
mandaftar,mendaftar
manfusy,mampus
manmbahkan,menambahkan
mantab,mantap
mantabbbb,mantap
mantapa,mantap
mantaphanya,mantapnya
mantapini,mantap ini
mantapmudh,mantap mudah
mantappppp,mantap
manteb,mantap
mao,mau
maraiii,marai
masalahnyafoto,masalahnya foto
masalahnyajadi,masalahnya jadi
masapertamia,masak pertamina
masarakat,masyarakat
masarakatno,masyarakatnya
maslh,masalah
masok,masuk
masukaplikasi,masuk aplikasi
masukbikin,masuk buat
masukdaftar,masuk daftar
masukgw,masuk saya
masukini,masuk ini
masukk,masuk
masukke,masuk
masukmana,masuk mana
masukmasuk,masuk masuk
masuknyapengen,masuknya pengen
masukpake,masuk pakai
masukselalu,masuk selalu
masuksmp,masuk smp
masyarakatapa,masyarakat apa
masyarakatdi,masyarakat di
masyarakatenakan,masyarakat enakan
masyarakatkebanyakan,masyarakat kebanyakan
masyarakatmau,masyarakat mau
masyarakatpaham,masyarakat paham
masyarakatpin,masyarakat pin
masyarakatt,masyarakat
masyarakattutup,masyarakat tutup
masyarakatudah,masyarakat sudah
masyarakatutamanya,masyarakat utamanya
masyarakt,masyarakat
masyarkat,masyarakat
masyrakat,masyarakat
matalu,mata kamu
matengin,matangin
matipadahal,mati padahal
maundaftar,mau daftar
maungisi,mau ngisi
may pertamina,mypertamina
maypertamina,mypertamina
mbantu,membantu
mbayar,membayar
mbbatas,mb batas
mbil,mobil
mbl,mobil
mbuuuulet,mbulet
mbuuuulllettt,mbulet
mbyg,mb yang
mcm,macam
mdhan,mudahan
mdptkan,mendapatkan
mebingungkan,membingungkan
mebuang,membuang
meding,mending
melelahkanbikin,melelahkan buat
memadaijanganlah,memadai janganlah
membagingkan,membagongkan
membagongkanbolak,membagongkan bolak
membantudan,membantu dan
membantuterimakasih,membantu terima kasih
membantutrima,membantu terima
memberny,membernya
membigungkn,membingungkan
membuangbuang,membuang buang
memdaftar,mendaftar
memperlmbt,memperlambat
mempersulitcs,mempersulit customer service
mempersulitmemperlambat,mempersulit memperlambat
mempersulittr,mempersulit
mempersulkt,mempersulit
memuaskanuntuk,memuaskan untuk
memverifikasinyh,memverifikasinya
menariksusah,menarik susah
mencurikorupsi,mencuri korupsi
mendaftarcoba,mendaftar coba
mendartar,mendaftar
mendftar,mendaftar
menengak,menengah
menerma,menerima
mengclaim,mengklaim
mengeceqakan,mengecewakan
mengecewakanpakai,mengecewakan pakai
mengecewankan,mengecewakan
mengecrwakan,mengecewakan
menggunakannyatapi,menggunakannya tapi
menggunakanya,menggunakannya
menggunskan,menggunakan
mengmbil,mengambil
mengunak,menggunakan
mengunakan,menggunakan
menjauhdi,menjauh di
menjawabngakunya,menjawab ngakunya
menjengjekel,menjengkelkan
menpermudah,mempermudah
menpersulit,mempersulit
menyalahgunakan,menyalah gunakan
menyengsengakan,menyesengsarakan
menyengsengsarakan,menyesengsarakan
menyengsenrakan,menyesengsarakan
menysahkan,menyusahkan
menyusahkandaftar,menyusahkan daftar
menyusahkandibuatkan,menyusahkan dibuatkan
menyusahkanganti,menyusahkan ganti
menyusahkansudah,menyusahkan sudah
menyusahkanuntuk,menyusahkan untuk
menyusakan,menyusahkan
mepersulit,mempersulit
merchandisetapi,merchandise tapi
merekanegara,mereka negara
merepotka,merepotkan
merepotkanharusnya,merepotkan harusnya
merepotkanmau,merepotkan mau
merepotkannegri,merepotkan negeri
merk,merek
mewahcc,mewah cc
meypetamna,mypertamina
meyusahkan,menyusahkan
mggunakan,menggunakan
mggunakannya,menggunakannya
mgkin,mungkin
mgkn,mungkin
mhnpencerahan,mohon pencerahan
mikirya,mikir ya
miliyaran,milyaran
minapprove,min approve
mindirimu,min dirimu
minnn,min
mintak,minta
mintakoke,minta oke
minyakbukan,minyak bukan
miski,meski
mkanya,makanya
mke,make
mkin,makin
mkir,mikir
mkirin,mikirin
mksdnya,maksudnya
mlaah,malah
mlah,malah
mlh,malah
mls,malas
mmang,memang
mmg,memang
mmk,memek
mmng,memang
mmpermudah,mempermudah
mmpersulit,mempersulit
mncri,mencari
mndapatkan,mendapatkan
mnding,mending
mngganggu,mengganggu
mngisi,mengisi
mngkn,mungkin
mngubah,mengubah
mngunakan,menggunakan
mnit,menit
mnta,minta
mnunggu,menunggu
mnyampaikan,menyampaikan
mnyesuaikan,menyesuaikan
mo,mau
moabil,mobil
mobilbayangkan,mobil bayangkan
mobilbukan,mobil bukan
mobill,mobil
mobilsaya,mobil saya
mobilsemoga,mobil semoga
modele,model
moderenisasi,modernisasi
moneymudah,money mudah
moromoro,moro moro
motorr,motor
mreka,mereka
mrk,mereka
msa,masa
msh,masih
msi,masih
msih,masih
msk,masuk
mskheran,masuk heran
mslh,masalah
msuk,masuk
mubajir,mubazir
mulublg,mulu bilang
muludadtar,mulu daftar
muludi,mulu di
mulukalo,mulu kalau
mulutaiii,mulu taik
mulutolong,mulu tolong
muluu,mulu
muluwaktu,mulu waktu
mumcul,muncul
mumettt,mumet
munculakhirnya,muncul akhirnya
muncull,muncul
munculmuncul,muncul muncul
munculpadahal,muncul padahal
munculsejak,muncul sejak
munyak,minyak
murahmaunya,murah maunya
musingkeun,musingken
musti,mesti
mutermuter,muter muter
mutersemua,muter semua
mw,mau
mwemek,memek
mwlihat,melihat
my pertamina,mypertamina
mypertamia,mypertamina
mypertaminabarcode,mypertamina barcode
mypertaminadulunya,mypertamina dulunya
mypertaminaselam,mypertamina selam
mypertaminatp,mypertamina tapi
n,dan
naek,naik
nanyak,nanya
napol,nopol
naroh,naruh
nauzubillah,naudzubillah
nda,tidak
ndaftar,daftar
ndak,tidak
ndes,ndas
ndftar,daftar
ndk,tidak
ne,ini
negarakatanya,negara katanya
negatip,negatif
negecewakan,mengecewakan
negera,negara
negri,negeri
nekoneko,neko neko
nekonekoo,neko neko
nelayantukang,nelayan tukan
nemuint,nemuin
nga,tidak
ngabisa,tidak bisa
ngajurin,nganjurin
ngak,tidak
ngasihhh,ngasih
ngasik,ngasih
ngbug,ngebug
ngelawakfoto,ngelawak foto
ngelayaninya,ngelayaninnya
ngelu,ngeluh
ngga,tidak
nggak,tidak
nggk,tidak
ngisigk,ngisi tidak
ngisikata,ngisi kata
ngisitapi,ngisi tapi
ngk,tidak
ngluncurin,ngeluncurin
ngmng,ngomong
ngntot,ngentot
ngntri,ngantri
ngontol,ngotrol
ngpain,ngapain
ngra,negara
ngrepotno,ngeribetin
ngribetin,ngeribetin
ngsinya,ngisinya
ngutangtpi,ngutang tapi
ni,ini
nian,banget
nibkin,nih bikin
nich,nih
nihbisa,nih bisa
niih,nih
nikpassword,nik password
niktidak,nik tidak
nikyg,nik yang
nimer,nomor
niqt,niat
njiiirrr,anjing
njing,anjing
njirrr,anjing
nma,nama
nmr,nomor
nnggk,tidak
nnti,nanti
nnyain,nanyain
no,nomor
no pol,nomor polisi
nolal,nolak
nomal,normal
nomer,nomor
nomernya,nomornya
nomorhp,nomor handphone
nompol,nopol
nongoljdi,nongol jadi
nontunaitolong,nontunai tolong
nootif,notifikasi
norespon,no respon
norifikasi,notifikasi
normalmalah,normal malah
notapokasih,notifikasi
notfikasi,notifikasi
notif,notifikasi
notifikasidaftar,notifikasi
notifnya,notifikasinya
notip,notifikasi
npa,kenapa
nth,ntah
ntr,ntar
nuggu,nunggu
nungguxjam,nunggunya jam
nunjukinbarcode,nunjukin barcode
ny,nya
nyaa,nya
nyaada,nya ada
nyaagar,nya agar
nyaaplikasi,nya aplikasi
nyabarcode,nya barcode
nyabikin,nya buat
nyabukti,nya bukti
nyadasar,nya dasar
nyadata,nya data
nyadiupdate,nya diupdate
nyafenomena,nya fenomena
nyah,nya
nyahapus,nya hapus
nyaharus,nya harus
nyaindonesia,nya indonesia
nyaini,nya ini
nyajangan,nya jangan
nyakami,nya kami
nyamansehat,nyaman sehat
nyamasa,nya masa
nyamau,nya mau
nyampe,sampai
nyampek,sampai
nyamypertamina,nya mypertamina
nyaniat,nya niat
nyapayah,nya payah
nyapooooo,nyapo
nyaribet,nya ribet
nyasaya,nya saya
nyatabaca,nyata baca
nyatidak,nya tidak
nyatolong,nya tolong
nyatp,nya tapi
nyauang,nya uang
nyeeeeenggg,nyeng
nyesel,nyesal
nyimpen,nyimpan
nykebaca,nya kebaca
nyklw,nya kalau
nyq,nya
nyta,nyata
nytapi,nya tapi
nyusahinbukanya,nyusahin bukan
nyusahinn,nyusahin
nyusahke,nyusahin
nyusahkeun,nyusahin
nyusaiga,nyusahin tidak
nyusain,nyusahin
nyushin,nyusahin
nyususahin,nyusahin
ohh,oh
ojeg,ojek
ok,oke
okee,oke
okeee,oke
oklnjt,oke lanjut
olang,orang
onlineapalagi,online apalagi
onlinejangan,online jangan
onlineulah,online sudah
onlinkanterkesan,online terkesan
operaror,operator
operatornyya,operatornya
opooooooo,opo
oprator,operator
opsion,option
oragnya,orangnya
orangdaftar,orang daftar
orangorang,orang orang
orangtuayg,orang tua yang
orangzaman,orang zaman
org,orang
orng,orang
ortu,orang tua
ortunya,orang tuanya
otakgimana,otak gimana
otaknyabikin,otaknya buat
otpapk,otp aplikasi
otpnyelalui,otp melalui
otpsaat,otp saat
otptapi,otp tapi
ott,otp
outle,outlet
ovogopay,ovo gopay
oyyybuat,oy buat
paasword,password
padah,pada
padahala,padahal
padahalbelum,padahal belum
padahalmah,padahal mah
padahl,padahal
pagisore,pagi sore
pahamkalau,paham kalau
pahammlh,pahamlah
pakaimohon,pakai mohon
pakainalk,pakaikan
pakainy,pakainya
pakaiyg,pakai yang
pake,pakai
pakek,pakai
pakenya,pakainya
pakenyayg,pakainya yang
pakex,pakainya
paki,pakai
pakk,pak
pakkudu,pak kudu
pakpakkalo,pak pak kalau
pamarentah,pemerintah
pambayaran,pembayaran
pamjangcepat,panjang cepat
pamplet,pamflet
panaspanasan,panas panasan
panjaaaaang,panjang
panjangthxs,panjang terima kasih
pansan,panasan
pantekkk,anjing
paraaah,parah
paraah,parah
parahbnyak,parah banyak
parahh,parah
parahhh,parah
parahhhh,parah
parahhhhh,parah
parahhhhhh,parah
parahhhhhhhhh,parah
parahhhhhhhhhh,parah
parahhhhhhhhhhhhhhhhhhhhhhhh,parah
parahini,parah ini
parraaahhh,parah
partamina,pertamina
pascodekalau,pascode kalau
pasdi,pas di
pasford,password
pasport,password
pass,password
passnya,passwordnya
passwordpas,password pas
passwordsusah,password susah
passworsnya,passwordnya
passwot,password
paswod,password
paswor,password
pasword,password
pasworde,password
paswordnya,passwordnya
paswort,password
paswword,password
payaaaaahdaftar,payah daftar
payaaah,payah
payaah,payah
payah,payah
payahbukan,payah bukan
payahmau,payah mau
payahpayah,payah payah
payahwktu,payah waktu
payeh,payah
pbayaran,pembayaran
pd,pada
pda,padahal
pdahal,padahal
pdhal,padahal
pdhall,padahal
pdhl,padahal
pegawain,pegawai
pegawainyamaksa,pegawainya maksa
pegawe,pegawai
pegawe,pegawai
pelat,plat
pelayana,pelayanan
pelayananya,pelayanannya
pembayan,pembayaran
pembayara,pembayaran
pembayaranterima,pembayaran terima
pembayaranyq,pembayaran yang
pembayararan,pembayaran
pembayarn,pembayaran
pemblia,pembelian
pemerinta,pemerintah
pemerintahhhhh,pemerintah
pemimpinny,pemimpinnya
pemrintah,pemerintah
pendaftaranbarcode,pendaftaran barcode
pendaftran,pendaftaran
pendapataran,pendaftaran
pendaptaran,pendaftaran
pengaduana,pengaduan
pengaduanlayanan,pengaduan layanan
pengahapusan,penghapusan
pengalan,pengalaman
penggunaanya,penggunaannya
penggunadan,pengguna dan
penggunamana,pengguna mana
penggunasemua,pengguna semua
pengifutan,penginputan
pengin,pengen
pengisiang,pengisian
pengisisn,pengisian
pengoprasian,pengoperasian
penguna,pengguna
pengunaan,penggunaan
penyelangara,penyelenggara
penyeleseiannyakok,penyelesaiannya kok
peratutaran,peraturan
perbaikankarena,perbaikan karena
perbaikin,perbaikan
perbaikisoalnya,perbaiki soalnya
percumah,percuma
percumatolong,percuma tolong
percumq,percuma
perifikasi,verifikasi
perijinan,perizinan
peringatanya,peringatannya
perivikasi,verifikasi
perkejaan,pekerjaan
permudahmalah,permudah malah
perna,pernah
pernh,pernah
perramina,pertamina
persulil,persulit
persulitkenapa,persulit kenapa
persulittrus,persulit terus
persylit,persulit
pertalate,pertalite
pertalet,pertalite
pertalit,pertalite
pertalitbbm,pertalite bbm
pertalitcmn,pertalite cuman
pertalitedexlitepertamina,pertalite dexlite pertamina
pertalitehadeeh,pertalite hadeh
pertalitenah,pertalite nah
pertamaina,pertamina
pertamakali,pertama kali
pertamania,pertamina
pertaminaaaa,pertamina
pertaminabanyak,pertamina banyak
pertaminadaftar,pertamina daftar
pertaminadgn,pertamina dengan
pertaminahanya,pertamina hanya
pertaminahebat,pertamina hebat
pertaminakapan,pertamina kapan
pertaminakita,pertamina kita
pertaminalah,pertamina lah
pertaminalumayan,pertamina lumayan
pertaminamalah,pertamina malah
pertaminapadahal,pertamina padahal
pertaminapas,pertamina pas
pertaminapom,pertamina pom
pertaminaribet,pertamina ribet
pertaminasaya,pertamina saya
pertaminasebenarnya,pertamina sebenarnya
pertaminasemoga,pertamina semoga
pertaminatapi,pertamina tapi
pertaminaterutama,pertamina terutama
pertaminayang,pertamina yang
pertaminidan,pertamini dan
pertamnana,pertamina
pertanyaaan,pertanyaan
pertmanina,pertamina
pertmina,pertamina
perubahanupdate,perubahan update
perushaan,perusahaan
pesangimna,pesan gimana
petalite,pertalite
petalitepun,pertalite pun
petamina,pertamina
petralit,pertalite
petralite,pertalite
petuga,petugas
petugase,petugas
petugasy,petugas
pf,pft
pfttt,pft
pgawai,pegawai
pgn,pengen
pham,paham
photo,foto
pindahsekali,pindah sekali
pindodening,pindo dening
pingin,pengen
pinjol,pinjaman online
pinjolparahbumn,pinjol parah bumn
pinno,pin nomor
pinntel,pintar
pinter,pintar
pintunyamohon,pintunya mohon
pinx,pinnya
pjg,panjang
pkai,pakai
pke,pakai
pkek,pakai
pkk,pakai
pkl,pukul
pko,pokok
platlahisi,plat lah isi
playanan,pelayanan
playstore,play store
playstroe,play store
plg,pulang
plis,tolong
pliss,please
pmilik,pemilik
pmrth,pemerintah
pmt,pemerintah
pnangananyasemua,penanganannya semua
pndaftaran,pendaftaran
pngen,pengen
pngisian,pengisian
pnjng,panjang
pns,panas
pntk,anjing
pny,punya
pnya,punya
poinpertalit,poin pertalite
point,poin
pointseperti,poin seperti
poitnya,poinnya
poko,pokok
pollkenapa,poll kenapa
polll,poll
pollmasa,poll masa
pomhanya,pom hanya
pomlebih,pom lebih
pomoa,pom
pomp,pom
pomspbu,pom spbu
pormulir,formulir
positive,positif
poto,foto
potonya,fotonya
ppmiddatakendalasubsiditepat,ppm id data kendala subsidi tepat
praktisamanlancar,praktis sama lancar
praturan,peraturan
prbaikimy,perbaikannya
prcaya,percaya
pretalit,pertalite
prmbayaran,pembayaran
prmbelian,pembelian
prnah,pernah
prnh,pernah
process,proses
professional,profesional
profile,profil
profitebel,profit tebal
progam,program
programernya,programmernya
progrm,program
propesional,profesional
prosesny,prosesnya
prov,provinsi
provinsisulawesi,provinsi sulawesi
provityg,provit yang
prraturan,peraturan
prtama,pertama
prtma,pertama
prtmna,pertamina
pruduk,produk
prusahaan,perusahaan
psg,pasang
psntek,anjing
ptamina,pertamina
puaas,puas
pubilaksikan,publikasikan
publish,publikasi
pukimakmu,puki emmakmu
pungsi,fungsi
purih,putih
pusiing,pusing
pusingaplikasi,pusing aplikasi
pusingbenahi,pusing benahi
pusingmohon,pusing mohon
pusingorang,pusing orang
pusingyg,pusing yang
puter,putar
putihgmna,putih gimana
puya,punya
puyeng,pusing
pw,password
pwbaruan,pembaruan
pwmbaruan,pembaruan
py,punya
qplikasi,aplikasi
qprsaya,qrish saya
qr,qrish
qrblm,qrish belum
qrcode,qrish kode
qris,qrish
qrisniat,qrish niat
qriss,qrish
qrkalau,qrish kalau
qrkode,qrish kode
qrny,qrishnya
qrnya,qrishnya
qrsemua,qrish semua
qt,kita
qw,saya
rajyat,rakyat
rakdjat,rakyat
rakjat,rakyat
rakyatbukannya,rakyat bukannya
rakyatminta,rakyat minta
rakyatt,rakyat
rakyt,rakyat
rame,ramai
rametuuuu,ramap itu
ransusambulans,ransus ambulans
ranting,rating
ratarata,rata rata
ratting,rating
rb,ribu
rbkok,ribu kok
rbrb,ribu ribu
rbu,ribu
rebet,ribet
rebu,ribu
recomendet,rekomendasi
redeem,reedeem
reendem,reedeem
reendemtukar,reedeem tukar
refisi,revisi
refrash,refresh
refres,refresh
regestasi,registrasi
registrasinyasuruh,registrasinya suruh
rekom,rekomendasi
rekomen,rekomendasi
rekomendid,rekomendasi
rendahfoto,rendah foto
repotrepot,repot repot
repotsusah,repot susah
repson,respon
respons,respon
respont,respon
reting,rating
rezekimaklumcuma,rezeki maklum Cuma
ribbet,ribet
ribbetttt,ribet
ribed,ribet
ribeeeet,ribet
ribeeet,ribet
ribeetttt,ribet
riberd,ribet
ribetada,ribet ada
ribetbikin,ribet buat
ribetbuka,ribet buka
ribetl,ribet
ribetmau,ribet mau
ribetne,ribetnya
ribetnegara,ribet negara
ribetnyaa,ribetnya
ribetnyakemunduran,ribetnya kemunduran
ribetpndaftaran,ribet pendaftaran
ribetsudah,ribet sudah
ribett,ribet
ribettapi,ribet tapi
ribettidak,ribet tidak
ribettolong,ribet tolong
ribettt,ribet
ribetttt,ribet
ribettttt,ribet
ribetttttt,ribet
ribetudah,ribet sudah
ribetyg,ribet yang
riebt,ribet
riil,rill
ripuuuuhhh,ripuh
rmh,rumah
rmhmau,rumah mau
rp,rupiah
rpliter,rupiah liter
rudet,ruwet
rudetna,ruwetnya
rudeut,ruwet
ruet,ruwet
rugibarkot,rugi barcode
rugihasil,rugi hasil
rugiiiiiiiiiiiiiiiiii,rugi
rumet,rumit
rumh,rumah
rumiiiit,rumit
rumitmau,rumit mau
rumitsulit,rumit sulit
rumitttttttttbelat,rumit belat
runitnya,rumitnya
ruwed,ruwet
ruweeeeet,ruwet
ruweeetttt,ruwet
ruweettt,ruwet
ruwetmasa,ruwet masa
ruwett,ruwet
ruwetttt,ruwet
ruwetudah,ruwet sudah
sabaar,sabar
saia,saya
sajaaturan,saja aturan
sajabahkan,saja bahkan
sajakurang,saja kurang
sajasama,saja sama
sajasok,saja sok
sajaterimaksih,saja terima kasih
salahapk,salah aplikasi
salahga,salah tidak
salahgunakan,salah gunakan
salahjd,salah jadi
salahkalau,salah kalau
salahngabisin,salah ngabisin
salahrubah,salah ubah
salahweleh,salah weleh
saldi,saldo
samaidentitas,sama identitas
samaknp,sama kenapa
samasekali,sama sekali
samaskali,sama sekali
same,sama
sampaahhhhhhhh,sampah
sampahga,sampah tidak
sampahh,sampah
sampahkayanya,sampah kayaknya
sampahkekayaan,sampah kekayaan
sampahmasyarakat,sampah masyarakat
sampahtdk,sampah tidak
sampe,sampai
sampek,sampai
samph,sampah
samrt,sama rata
sanagt,sangat
sandilu,sandi kamu
sandimau,sandi mau
sandinyamau,sandinya mau
sanfi,sandi
sangaaaaat,sangat
sangan,sangat
sangant,sangat
sangatmembingungkan,sangat membingungkan
sanggat,sangat
sangt,sangat
sante,santai
sarankn,sarankan
sasaranfakta,sasaran fakta
sasaranlanjutankanselalu,sasaran lanjutkan selalu
sasaranplease,sasaran please
sasaransemoga,sasaran semoga
saumpama,seumpama
sayaang,sayang
sayabagaimana,saya bagaiman
sayabaru,saya baru
sayaeh,saya eh
sayah,saya
sayakalian,saya kalian
sayapusing,saya pusing
sbagai,sebagai
sbagainyagua,sebagainya saya
sbelah,sebelah
sblm,sebelum
sblmnya,sebelumnya
sblum,sebelum
sblumnya,sebelumnya
sbnrnya,sebenarnya
sbpu,spbu
scankonyol,scan konyol
scannyapake,scannya pakai
scantapi,scan tapi
scen,scan
scr,secara
scra,secara
sdah,sudah
sdang,sedang
sdangkan,sedangkan
sdh,sudah
sdng,sedang
sdng kan,sedangkan
sdngkan,sedangkan
sebelume,sebelumnya
sebelumnyafitur,sebelumnya fitur
sebenarny,sebenarnya
sebenernya,sebenarnya
secroll,scroll
sedikitsedikit,sedikit sedikit
seenaknye,seenaknya
segalamana,segala mana
segla,segala
sekaliandg,sekalian dengan
sekaliaplikasi,sekali aplikasi
sekalicoba,sekali coba
sekalidan,sekali dan
sekaliembel,sekali embel
sekaliseharus,sekali seharus
sekalisudah,sekali sudah
sekalitapi,sekali tapi
sekalitlg,sekali tolong
sekarangsya,sekarang saya
sekelah,sekelas
sekelan,sekalian
sekrang,sekarang
sekrg,sekarang
selanjute,selanjutnya
selanjutnyaklo,selanjutnya kalau
selatanindonesia,selatan indonesia
selelu,selalu
selepaas,selepas
selosai,selesai
selsai,selesai
selugagal,selalu gagal
semejak,semenjak
semggaknya,setidaknya
seminggubarcode,seminggu barcode
sempet,sempat
semuaa,semua
semuabe,semua be
semuabintang,semua bintang
semuaehh,semua eh
semuaharus,semua harus
semuakalau,semua kalau
semuarugi,semua rugi
semuatrus,semua terus
semuga,semoga
sendiriapa,sendiri apa
sendirijawab,sendiri jawab
sendirimohon,sendiri mohon
sendiripadahal,sendiri padahal
sendirisekelas,sendiri sekelas
sendirisetresss,sendiri stress
sendirisudah,sendiri susah
seolaholah,seolah olah
seorg,seorang
separosiapa,separuh siapa
seponsornya,sponsornya
servise,service
sesah,resah
sesuaifoto,sesuai foto
sesuaiknpa,sesuai kenapa
sesuaipadahal,sesuai padahal
setabil,stabil
setalah,setelah
setengahsetengah,setengah setemgah
setial,setiap
sewaktuwaktu,sewaktu waktu
sgala,segala
sgl,segala
sgla,segala
sgt,sangat
sharusnya,seharusnya
sheal,shell
sheel,shell
shg,sehingga
shll,shell
siaap,siap
siallll,sial
sich,sih
sichtinggql,sih tinggal
sieh,sih
sihcukup,sih cukup
sihh,sih
sihhh,sih
sihkatanya,sih katanya
siiip,sip
siip,sip
siiplahmakasih,siplah terima kasih
sikendaraan,si kendaraan
sikyal,signal
simpel,simple
simpl,simple
simtemnya,sistemnya
singkron,sinkron
sinyal,signal
sipelaku,si pelaku
sisitem,sistem
sistemaplikasi,sistem aplikasi
sistembisnis,sistem bisnis
sistemerrornya,sistem errornya
sistemnyakeluhan,sistemnya keluhan
sistim,sistem
sistrm,sistem
sj,saja
sja,saja
skali,sekali
skaliini,sekali ini
skarang,sekarang
skg,sekarang
skil,skill
skli,sekali
skr,sekarang
skrang,sekarang
skrg,sekarang
skrgdaftar,sekarang daftar
skrng,sekarang
slah,salah
slalu,selalu
slamet,selamat
slanjutnya,selanjutnya
slesai,selesai
sll,selalu
sllu,selalu
slsai,selesai
slslu,selalu
sm,sama
sma,sama
smakin,semakin
smasmk,sma smk
smg,semoga
smk,smk
smntra,sementara
smoga,semoga
smpai,sampai
smpaikan,sampaikan
smpe,sampai
smpek,sampai
smpi,sampai
smsdidaftar,sms didaftar
smsny,smsnya
smua,semua
smw,semua
snagat,sangat
sndiri,sendiri
sndri,sendiri
sngat,sangat
sngt,sangat
snk,stnk
snksedangkan,stnk sedangkan
sntk,stnk
soaal,soal
soalny,soalnya
sokn,sok
solah,solar
solaraku,solar saya
solarbaru,solar baru
solargk,solar tidak
solarkami,solar kami
solarkok,solar kok
solaruntuk,solar untuk
solas,solar
solat,solar
solisi,sulusi
sollar,solar
solusinopol,solusi nopol
solusinyasaya,solusinya saya
soper,supir
sopir,supir
sopsidi,subsidi
spa,siapa
spamjunk,spam junk
spbubisa,spbu bisa
spbudan,spbu dan
spbuharus,spbu harus
spbumalah,spbu malah
spbunyaklu,spbunya kalau
spbupas,spbu puas
spbutiba,spbu tiba
spbuy,spbunya
sperti,seperti
spi,sepi
spir,supir
sppu,spbu
sprti,seperti
spt,seperti
ssah,susah
ssuatu,sesuatu
stabilwoyyyyyy,stabil woy
standar,standard
stdakny,setidaknya
stelah,setelah
stiap,setiap
sticker,stiker
stlah,setelah
stlh,setelah
stnkmobil,stnk mobil
stres,stress
stresss,stress
stressss,stress
stresssssss,stress
stupun,satupun
subdidi,subsidi
subsididah,subsidi dah
subsidimm,subsidi mm
subsidisedangkan,subsidi sedangkan
subsiditepat,subsidi tepat
subsiditepatmypertamina,subsidi tepat mypertamina
subsiditerimakasih,subsidi terima kasih
subsiditolol,subsidi tolol
subsisi,subsidi
suda,sudah
sudahhhhhhh,sudah
sudaj,sudah
sudh,sudah
sudhbterdftar,sudah terdaftar
sukak,suka
sukangambil,suka ngambil
suksesaamiin,sukses aamiin
suliiiiitt,sulit
sulitentahlah,sulit entahlah
sulitgak,sulik tidak
sulitmendapatkan,sulit mendapatkan
sulittolonglahkebijakan,sulit tolonglah kebijakan
sulittt,sulit
sulityang,sulit yang
sullit,sulit
sumatera,sumatra
sunggu,sungguh
sungguhsungguh,sungguh sungguh
sunguh,sungguh
superrrr,super
supirtruk,supir truk
suport,support
supsidi,subsidi
supsisidi,subsidi
suru,suruh
survei,survey
susa,susah
susahbiar,susah biar
susahbuat,susah buat
susahbukan,susah bukan
susahdan,susah dan
susahdata,susah data
susahdi,susah di
susahh,susah
susahhh,susah
susahhhga,susah tidak
susahhhh,susah
susahhhhhhhhhhhhhhh,susah
susahintinya,susah intinya
susahjangan,susah jangan
susahkalau,susah kalau
susahkapan,susah kapan
susahkode,susah kode
susahmasuk,susah masuk
susahmenyusahkan,susah menyusahkan
susahnunggu,susah nunggu
susahratingnya,susah ratingnya
susahribed,susah ribet
susahribet,susah ribet
susahsemua,susah semua
susahsusah,susah susah
susahupload,susah upload
susailah,sesuailah
susaj,susah
sush,susah
susidi,subsidi
suskses,sukses
swtelah,setelah
sy,saya
sya,saya
syaa,saya
syg,sayang
syiap,siap
sync,sinkron
system,sistem
systemnya,sistemnya
sytjipto,saya tjipto
syuliiiiiittttt,sulit
syulit,sulit
tadino,tadi nomor
taee,taik
taeeeexxxx,taik
taeh,taik
taek,taik
taekk,taik
taiii,tali
taikisi,taik isi
taikkk,taik
taikkkkaplisak,taik aplikasi
taikotak,taik otak
tamba,tambah
tanapa,tanpa
tangkine,tangkinya
tansaksi,transaksi
tarikgk,tarik
tarjadi,terjadi
taruma,trauma
tau,tahu
taxi,taksi
taxol,taksi
tbtb,tiba tiba
tdak,tidak
tdi,tadi
tdk,tidak
tdnya,tadinya
te,the
tea,the
team,tim
tee,the
tehnologi,teknologi
telephone,telepon
telfon,telepon
telp,telepon
telpon,telepon
temen,teman
temukanapa,temu kenapa
tenyata,ternyata
tepatklo,tepat kalau
teralalu,terlalu
terbacapdhal,terbaca padahal
terbacayg,terbaca yang
terblokirr,terblokir
terburuburu,terburu buru
tercintaterima,tercinta terima
terdadtar,terdaftar
terdafatar,terdaftar
terdaftardaftar,terdaftar daftar
terdaftardzolim,terdaftar dzalim
terdaftargimna,terdaftar gimana
terdaftarklu,terdaftar kalau
terdaftarlahuntungnya,terdaftarlah untungnya
terdaftarmeski,terdaftar meski
terdaftarpadahal,terdaftar padahal
terdaftarpunya,terdaftar punya
terdaftaryg,terdaftar yang
terdahtar,terdaftar
terdaptar,terdaftar
terdftar,terdaftar
terfaftar,terdaftar
terferifikasi,terverifikasi
terferivikasi,terverifikasi
terferivikasipadahal,terverifikasi padahal
tergangguterhambat,terganggu terhormat
terhadi,terjadi
terimah,terima
terimakash,terima kasih
terimakasih,terima kasih
terimakasiih,terima kasih
terimaksih,terima kasih
terimasekarang,terima sekarang
terkaik,terkait
terkaitsudah,terkait sudah
terkoneksidaftar,terkoneksi daftar
terkonfirm,terkonfirmasi
ternganu,ter nganu
teroooss,terus
teroos,terus
terosss,terus
terosssss,terus
terpakaipeetaminaku,terpakai
terpakasa,terpaksa
terppq,ter pepek
ters,terus
tersusahterpayahterjelek,tersusah terpayah terjelek
tersusmohon,terus mohon
terusdbuka,terus dibuka
terusdiklik,terus diklik
terusini,terus sini
terusmaupun,terus maupun
terusmelalui,terus melalui
teruspaswod,terus password
teruspusiiiinnggg,terus pusing
terusribet,terus ribet
teruss,terus
terusss,terus
terusterlalu,terus terlalu
terustulisan,terus tulisan
teruuss,terus
terverivikasi,terverifikasi
test,tes
tetekbengek,tetek bengek
tetep,tetap
tetp,tetap
tgl,tanggal
tgljuni,tanggal juni
tgu,tunggu
th,tahun
thanks,terima kasih
thankyou,terima kasih
thd,terhadap
thn,tahun
thnx,tahunnya
thottt,thott
thq,terima kasih
thun,tahun
thx,terima kasih
tibatiba,tiba tiba
tida,tidak
tidakbisa,tidak bisa
tidakkenapa,tidak kenapa
tidakmendapatkan,tidak mendapatkan
tidakny,tidaknya
tidal,tidak
tidk,tidak
tiklo,taik kalau
tingal,tinggal
tinggaleun,tinggal 
tipi,televisi
tiwas,tewas
tks,terima kasih
tlfn,telepon
tlg,tolong
tlng,tolong
tlong,tolong
tlp,telepon
tlpn,telepon
tmbalban,tambal ban
tmen,teman
tmpilan,tampilan
tmpt,tempat
tnya,tanya
tobatt,tobat
toddd,tod
tokoh,toko
tolakapa,tolak apa
tolakpadahal,tolak padahal
tololllll,tolol
tolongmau,tolong mau
tolongterima,tolong terima
tolooong,tolong
tongsambungkan,tong sambungkan
toooo,too
tottt,tod
toup,top up
tp,tapi
tp,tapi
tpi,tapi
tq,terima kasih
tqpi,tapi
tracing,tracking
trahir,terakhir
trakasih,terima kasih
traksaksi,transaksi
tranfer,transfer
tranparansi,transparansi
transaksikuota,transaksi kuota
transaksipadahal,transaksi padahal
transaksipdhl,transaksi padahal
trdaftar,terdaftar
trdaftarmnta,terdaftar minta
trdaftarsedangkan,terdaftar sedangkan
trdftar,terdaftar
triliun,triliun
trima,terima
trimakasih,terima kasih
trimaksi,trima kasih
trimaksih,terima kakasih
trims,terima kasih
trkdng,gimana terkadang
trllu,terlalu
trms,terima kasih
trnyata,ternyata
trobel,trouble
trobosan,terobosan
trosss,terus
trrdaftarlahpasword,terdaftarlah password
trs,terus
trsdi,terus di
trserah,terserah
trsidjia,terus ijia
trtibkn,tertibkan
truck,truk
trus,terus
trusbisa,terus bisa
trusnyuruh,terus nyuruh
truss,terus
trusss,terus
trussss,terus
truzzzz,terus
tsb,tersebut
tsutsahh,susah
ttp,tetap
tu,itu
tuajaman,tua zaman
tuhapa,tuh apa
tujuane,tujuannya
tuk,untuk
tukarudah,tukar sudah
tuker,tukar
tulong,tolong
tulung,tolong
tunaiapalagi,tunai apalagi
tunaiitu,tunai itu
ualan,jualan
uangpemimpin,uang pemimpin
ubunkeluhan,ubun keluhan
uda,sudah
udah,sudah
udah,sudah
udahh,sudah
udahlah,sudahlah
uddah,sudah
udh,sudah
uiux,ui ux
ujungna,ujungnya
ujungujungnya,ujung ujungnya
ulangbarcode,ulang barcode
umumkalo,umum kalau
uninstal,uninstall
uninstalllll,uninstall
unmasa,un masa
unstal,install
unt,untuk
untk,untuk
untu,untuk
up date,update
upadate,update
updateapl,update aplikasi
updategk,update tidak
updatemau,uodate mau
updatenya,updatenya
updates,update
updateupdate,update update
updet,update
upgrad,upgrade
upgrade,upgrade
upgradenya,upgradenya
uploaf,upload
uplod,upload
uploud,upload
uploup,upload
uptudate,update
urang,orang
urkuran,ukuran
userfriendly,user friendly
usetapi,use tapi
ush,usah
utakatik,utak atik
utang,hutang
utk,untuk
utuk,untuk
validudah,valid sudah
verfikasi,verifikasi
verif,verifikasi
verification,verifikasi
verifikasikode,verifikasi kode
verifikasinyasangat,verifikasinya sangat
verifikasisampai,verifikasi sampai
verifikasiskr,verifikasi sekarang
verifikasiy,verifikasinya
verifilasi,verifikasi
verifukasinya,verifikasinya
verikasi,verifikasi
verivikas,verifikasi
verivikasi,verifikasi
verivikasinya,verifikasinya
verivikasitapi,verifikasi tapi
vertivikasi,vertifikasi
vnda,anda
vocer,voucher
vocher,voucher
vochernya,vouchernya
wahahahahahahahahahahahahahahahahahahahahahahahahahahahahahahahahahahaha,wahaha
wajibka,wajib ka
wakakakak,wakakak
waktubikin,waktu buat
waktukasihan,waktu kasihan
walet,wallet
wargasemua,warga semua
warkod,barcode
wasilitas,fasilitas
wassap,whatsapp
web,website
webnya,websitenya
weebsite,website
weeeeh,weeh
weees,weeh
weh,weeh
wei,woi
wek,weeh
wenang,renang
wes,wess
wesss,wess
wew,wow
wez,wez
wifikuota,wifi kuota
winn,win
wkekek,wkwk
wkt,waktu
wktu,waktu
wkwkkw,wkwk
wkwkw,wkwk
wkwkwk,wkwk
wkwkwkkk,wkwk
wkwkwkw,wkwk
wkwkwkwk,wkwk
wlp,walaupun
woi,woi
woii,woi
wort,word
woy,woi
woyy,woi
woyyyyyyy,woi
ws,win streak
wulandari,wulandari
yaa,ya
yaaa,ya
yaaak,ya
yademi,ya demi
yaelah,yaelah
yah,ya
yahaduh,ya haduh
yahh,ya
yahudah,ya sudah
yajawabannya,ya jawabannya
yak,ya
yamasak,ya masak
yamasalahnya,ya masalahnya
yaperasaan,ya perasaan
yaps,yap
yaqin,yakin
yasampaj,ya sampai
yatik,yatik
yaudah,ya sudah
yaulasan,ya ulasan
yayayayay,yayay
years,year
yes,yes
yg,yang
ygvkasih,yang kasih
yh,yah
yha,yah
yng,yang
yoo,yo
yth,yang terhormat
zaman,zaman
zonk,zonk
zonktidak,zonk tidak